idx,날짜,기준금리(%),국내총생산(시장가격 GDP)(십억원),국내총소득(GDI),국민총소득(GNI),소비자물가지수(2015 = 100),경제성장률(%),실업률(%),국내총투자율(%),총저축률(%),원/미국달러(매매기준율 평균 원),KOSPI(평균),KOSDAQ(평균),아파트 거래량 매매(경기),총 인구(명),가계대출(조원),평균전세가율(경기),평균아파트매매가격(경기)
1,2002년 1월,4,248502.4,258600.9,257299.6,69.9,2.5,4.1,30.2,31.8,1317.6,738.99,,,,,,
2,2002년 2월,4,248502.4,258600.9,257299.6,70.233,2.5,4.1,30.2,31.8,1318.72,774.42,,,,,,
3,2002년 3월,4,248502.4,258600.9,257299.6,70.632,2.5,3.8,30.2,31.8,1322.51,864.66,,,,,,
4,2002년 4월,4,253005.6,259267.6,257789.6,71.032,1.8,3.4,31.6,31.5,1318.93,894.03,,,,,,
5,2002년 5월,4.25,253005.6,259267.6,257789.6,71.298,1.8,3.1,31.6,31.5,1266.06,842.23,,,,,,
6,2002년 6월,4.25,253005.6,259267.6,257789.6,71.231,1.8,2.9,31.6,31.5,1223.47,784.3,,,,,,
7,2002년 7월,4.25,258120.9,265527.6,265295,71.032,2,3,31.1,31.7,1185.12,753.67,,,,,,
8,2002년 8월,4.25,258120.9,265527.6,265295,71.498,2,3.2,31.1,31.7,1196.37,713.23,,,,,,
9,2002년 9월,4.25,258120.9,265527.6,265295,71.898,2,2.7,31.1,31.7,1208.5,703,,,,,,
10,2002년 10월,4.25,260953.4,267202.2,266496,71.697,1.1,2.8,32.2,32.1,1241.13,642.22,,,,416.8,,
11,2002년 11월,4.25,260953.4,267202.2,266496,71.764,1.1,2.9,32.2,32.1,1211.91,679.73,,,,416.8,,
12,2002년 12월,4.25,260953.4,267202.2,266496,72.096,1.1,3.1,32.2,32.1,1208.91,699.84,,,,416.8,,
13,2003년 1월,4.25,259233.3,265063.6,264112.5,72.564,-0.7,3.7,33.4,32.4,1179.27,630.98,,,,420.7,,
14,2003년 2월,4.25,259233.3,265063.6,264112.5,72.962,-0.7,3.8,33.4,32.4,1191.19,591.56,,,,420.7,,
15,2003년 3월,4.25,259233.3,265063.6,264112.5,73.828,-0.7,3.7,33.4,32.4,1232.4,550.75,,,,420.7,,
16,2003년 4월,4.25,258833.7,264288.2,262762.5,73.695,-0.2,3.5,32.6,32.6,1232.82,585.88,,,,428.1,,
17,2003년 5월,4,258833.7,264288.2,262762.5,73.562,-0.2,3.4,32.6,32.6,1199.78,613.49,,,,428.1,,
18,2003년 6월,4,258833.7,264288.2,262762.5,73.362,-0.2,3.4,32.6,32.6,1194.02,663.17,,,,428.1,,
19,2003년 7월,3.75,263836.1,270512.7,269811,73.296,1.9,3.6,32.1,33.3,1181.59,703.53,,,,433.1,,
20,2003년 8월,3.75,263836.1,270512.7,269811,73.628,1.9,3.5,32.1,33.3,1178.42,731.65,,,,433.1,,
21,2003년 9월,3.75,263836.1,270512.7,269811,74.294,1.9,3.3,32.1,33.3,1166.17,742.29,,,,433.1,,
22,2003년 10월,3.75,270800,278529.5,278150.8,74.36,2.6,3.4,31.9,34.8,1166.27,756.45,,,,445.4,,
23,2003년 11월,3.75,270800,278529.5,278150.8,74.227,2.6,3.5,31.9,34.8,1184.87,789.05,459.51,,,445.4,,
24,2003년 12월,3.75,270800,278529.5,278150.8,74.561,2.6,3.8,31.9,34.8,1192.95,801.18,448.28,,,445.4,,
25,2004년 1월,3.75,274198,278703.3,278246.4,75.027,1.3,4,32.7,35.6,1184.32,845.53,439.05,,,447.6,,
26,2004년 2월,3.75,274198,278703.3,278246.4,75.359,1.3,4.1,32.7,35.6,1166.69,867.45,431.49,,,447.6,,
27,2004년 3월,3.75,274198,278703.3,278246.4,76.091,1.3,4,32.7,35.6,1166.34,875.58,463.2,,,447.6,,
28,2004년 4월,3.75,276291.5,279781.2,278583.3,76.091,0.8,3.7,33,35.9,1150.85,907.14,408.41,,,453.1,,
29,2004년 5월,3.75,276291.5,279781.2,278583.3,76.025,0.8,3.5,33,35.9,1177.37,798.79,383.97,,,453.1,,
30,2004년 6월,3.75,276291.5,279781.2,278583.3,76.025,0.8,3.4,33,35.9,1158.65,771.61,358.98,,,453.1,,
31,2004년 7월,3.75,277412.1,280328.3,279647.3,76.491,0.4,3.6,32.2,35.8,1157.66,746.07,344.08,,,458.5,,
32,2004년 8월,3.5,277412.1,280328.3,279647.3,77.156,0.4,3.6,32.2,35.8,1159,770.31,368.12,,,458.5,,
33,2004년 9월,3.5,277412.1,280328.3,279647.3,77.156,0.4,3.3,32.2,35.8,1147.97,835.92,365.1,,,458.5,,
34,2004년 10월,3.5,279514.7,284030.8,284560,77.156,0.8,3.4,32.9,35.7,1144.04,849.11,367.72,,,468.9,,
35,2004년 11월,3.25,279514.7,284030.8,284560,76.691,0.8,3.5,32.9,35.7,1091.19,863.1,376.91,,,468.9,,
36,2004년 12월,3.25,279514.7,284030.8,284560,76.824,0.8,3.8,32.9,35.7,1050.91,873.06,436.91,,,468.9,,
37,2005년 1월,3.25,281893.1,285390.5,284782.6,77.58,0.9,4.3,32.1,34.9,1038.23,903.35,492.31,,,472.4,,
38,2005년 2월,3.25,281893.1,285390.5,284782.6,77.895,0.9,4.3,32.1,34.9,1022.43,964.48,474.28,,,472.4,,
39,2005년 3월,3.25,281893.1,285390.5,284782.6,78.365,0.9,4.1,32.1,34.9,1007.49,988.23,448.71,,,472.4,,
40,2005년 4월,3.25,287212.6,288224.3,286402.7,78.444,1.9,3.8,33.1,34.1,1010.94,955.41,441.46,,,490.7,,
41,2005년 5월,3.25,287212.6,288224.3,286402.7,78.365,1.9,3.6,33.1,34.1,1002.21,938.98,487.55,,,490.7,,
42,2005년 6월,3.25,287212.6,288224.3,286402.7,78.129,1.9,3.6,33.1,34.1,1010.87,991.34,525.01,,,490.7,,
43,2005년 7월,3.25,291536.1,290051.3,286889.4,78.444,1.5,3.7,33.4,33.7,1037.44,1058.71,517.15,,,501.6,,
44,2005년 8월,3.25,291536.1,290051.3,286889.4,78.679,1.5,3.6,33.4,33.7,1021.17,1101.84,538.37,,,501.6,,
45,2005년 9월,3.25,291536.1,290051.3,286889.4,79.071,1.5,3.6,33.4,33.7,1029.33,1171.02,591.7,,,501.6,,
46,2005년 10월,3.5,294487.8,292554,290141,78.914,1,3.6,32.6,34.1,1046.25,1190.86,652.37,,,514.8,,
47,2005년 11월,3.5,294487.8,292554,290141,78.6,1,3.3,32.6,34.1,1041.43,1253.26,721.05,,,514.8,,
48,2005년 12월,3.75,294487.8,292554,290141,78.836,1,3.5,32.6,34.1,1024.15,1338.81,708.27,,,514.8,,
49,2006년 1월,3.75,299314.8,294724.3,293016.1,79.306,1.6,3.8,34.2,33.2,987.03,1379.32,656.84,17630,,522.4,,308.7
50,2006년 2월,4,299314.8,294724.3,293016.1,79.464,1.6,4.1,34.2,33.2,970.22,1341.72,657.5,20561,,522.4,,273.4
51,2006년 3월,4,299314.8,294724.3,293016.1,79.934,1.6,3.9,34.2,33.2,975.09,1331.72,693.71,28400,,522.4,,286.9
52,2006년 4월,4,301501.6,296380.1,295371.9,80.013,0.7,3.5,32.5,32.8,954.44,1415.92,663.35,25277,,540.5,,275.2
53,2006년 5월,4,301501.6,296380.1,295371.9,80.169,0.7,3.2,32.5,32.8,941.4,1388.83,576.71,27199,,540.5,,268.7
54,2006년 6월,4.25,301501.6,296380.1,295371.9,80.013,0.7,3.4,32.5,32.8,955.16,1249.19,563.45,23842,,540.5,,248.8
55,2006년 7월,4.25,306367.7,300509.3,300210.5,80.326,1.6,3.4,34.1,33.5,950.15,1278,553.36,18705,,553.1,,240.1
56,2006년 8월,4.5,306367.7,300509.3,300210.5,80.797,1.6,3.4,34.1,33.5,960.72,1316.08,597.94,17087,,553.1,,243.8
57,2006년 9월,4.5,306367.7,300509.3,300210.5,81.032,1.6,3.2,34.1,33.5,953.68,1356.53,577.5,31661,,553.1,,265.8
58,2006년 10월,4.5,308755.4,305729.9,305369.8,80.64,0.8,3.3,32,33.3,954.23,1354.04,607.57,37995,,575.6,,307.2
59,2006년 11월,4.5,308755.4,305729.9,305369.8,80.248,0.8,3.2,32,33.3,936.22,1403.93,608.56,50872,,575.6,,282
60,2006년 12월,4.5,308755.4,305729.9,305369.8,80.483,0.8,3.3,32,33.3,925.75,1418.83,593.23,31130,,575.6,,272.1
61,2007년 1월,4.5,313924.1,309598.4,307812.9,80.64,1.7,3.6,33.5,33.3,936.36,1379.25,602.08,21694,,581.2,,250.4
62,2007년 2월,4.5,313924.1,309598.4,307812.9,81.189,1.7,3.7,33.5,33.3,937.02,1434.89,627.46,15055,,581.2,,251.5
63,2007년 3월,4.5,313924.1,309598.4,307812.9,81.66,1.7,3.5,33.5,33.3,943.26,1431.62,678,16488,,581.2,,252.8
64,2007년 4월,4.5,319355.9,314353.9,313384.4,81.973,1.7,3.4,34,33.6,931.5,1517.12,709.78,16715,,597.9,,259.5
65,2007년 5월,4.5,319355.9,314353.9,313384.4,82.052,1.7,3.2,34,33.6,927.91,1614.94,779.11,14223,,597.9,,271.2
66,2007년 6월,4.5,319355.9,314353.9,313384.4,82.052,1.7,3.2,34,33.6,928.32,1754.28,811.99,15347,,597.9,,283.7
67,2007년 7월,4.75,323104.6,318753.1,319398.1,82.366,1.2,3.3,32.1,34,918.85,1911.56,764.46,17321,,609.9,,274.4
68,2007년 8월,5,323104.6,318753.1,319398.1,82.444,1.2,3.1,32.1,34,933.8,1815.02,777.61,16649,,609.9,,271.7
69,2007년 9월,5,323104.6,318753.1,319398.1,82.915,1.2,3,32.1,34,932.41,1879.03,801.55,14074,,609.9,,283
70,2007년 10월,5,330073.8,322265.2,321277,83.072,2.2,3,33.4,34.2,915.86,2004.55,755.69,20732,,630.1,,287.2
71,2007년 11월,5,330073.8,322265.2,321277,83.072,2.2,3,33.4,34.2,916.98,1924.84,722.26,20821,,630.1,,298.8
72,2007년 12월,5,330073.8,322265.2,321277,83.386,2.2,3.1,33.4,34.2,930.24,1903.99,667.12,13958,,630.1,,304.9
73,2008년 1월,5,331402,319817.7,320608.2,83.777,0.4,3.3,33.7,33.2,942.39,1732.29,647.38,14313,49297732,641.7,,302.3
74,2008년 2월,5,331402,319817.7,320608.2,84.092,0.4,3.5,33.7,33.2,944.69,1689.53,627.49,13084,49329973,641.7,,302.3
75,2008년 3월,5,331402,319817.7,320608.2,84.876,0.4,3.4,33.7,33.2,979.86,1651.15,647.78,18772,49324670,641.7,,308.3
76,2008년 4월,5,333136.8,319443.8,318836.2,85.347,0.5,3.2,35,33.5,986.66,1776.58,649.49,22176,49355153,660.8,,318.3
77,2008년 5월,5,333136.8,319443.8,318836.2,86.052,0.5,3.1,35,33.5,1036.73,1846.75,619.33,20358,49380296,660.8,,323.1
78,2008년 6월,5,333136.8,319443.8,318836.2,86.601,0.5,3.1,35,33.5,1029.27,1758.17,536.92,19907,49387462,660.8,,325.4
79,2008년 7월,5,335854.8,318949.2,317404.7,87.229,0.8,3.1,36.7,33.1,1019.12,1569.6,507.14,20326,49416162,675,,318.8
80,2008년 8월,5.25,335854.8,318949.2,317404.7,87.072,0.8,3.1,36.7,33.1,1041.54,1537.55,444.16,13406,49441742,675,,314.9
81,2008년 9월,5.25,335854.8,318949.2,317404.7,87.151,0.8,3,36.7,33.1,1130.4,1446.56,348.31,12562,49469003,675,,311
82,2008년 10월,4.25,324825.7,308136.4,309824.5,87.072,-3.3,3,29.2,34,1326.92,1201.7,310.48,11176,49495874,683.6,,300.4
83,2008년 11월,4,324825.7,308136.4,309824.5,86.837,-3.3,3,29.2,34,1390.09,1073.95,324.98,9833,49516085,683.6,,317.7
84,2008년 12월,3,324825.7,308136.4,309824.5,86.837,-3.3,3.3,29.2,34,1373.84,1114.9,355.1,9887,49540367,683.6,,317.8
85,2009년 1월,2.5,325118,311304,310313.4,86.916,0.1,3.6,26.8,33.8,1346.1,1156.37,377.44,8214,49552045,684.4,,350.7
86,2009년 2월,2,325118,311304,310313.4,87.543,0.1,3.9,26.8,33.8,1429.46,1139.75,390.98,13957,49577741,684.4,,346.5
87,2009년 3월,2,325118,311304,310313.4,88.17,0.1,4,26.8,33.8,1461.98,1140.45,484.22,16975,49596381,684.4,,331
88,2009년 4월,2,329451.1,324948.2,325010.6,88.405,1.3,3.8,27.8,33,1341.9,1322.1,533.82,19036,49593665,700.1,,352.6
89,2009년 5월,2,329451.1,324948.2,325010.6,88.405,1.3,3.8,27.8,33,1258.71,1400.5,516.39,18691,49618780,700.1,,335.4
90,2009년 6월,2,329451.1,324948.2,325010.6,88.327,1.3,3.8,27.8,33,1261.35,1395.24,496.39,19205,49642216,700.1,,346.4
91,2009년 7월,2,339310.5,330947.5,330728.8,88.641,3,3.7,31.6,33.9,1263.97,1460.03,515.61,21481,49665471,717,,342.5
92,2009년 8월,2,339310.5,330947.5,330728.8,88.955,3,3.7,31.6,33.9,1238.4,1577.91,523.16,20633,49688156,717,,349.1
93,2009년 9월,2,339310.5,330947.5,330728.8,89.034,3,3.3,31.6,33.9,1219.15,1659.45,501.83,24856,49711355,717,,332
94,2009년 10월,2,341844.7,332611.9,332007.7,88.798,0.7,3.2,31.5,33.4,1175.25,1630.61,477.15,22676,49736280,734.3,,318.1
95,2009년 11월,2,341844.7,332611.9,332007.7,88.955,0.7,3.3,31.5,33.4,1164.23,1583.47,498.35,19036,49759141,734.3,,316.1
96,2009년 12월,2,341844.7,332611.9,332007.7,89.269,0.7,3.5,31.5,33.4,1166.45,1646.64,535.44,19975,49773145,734.3,,324
97,2010년 1월,2,348541.7,339582.2,340962.7,89.974,2,5,33.7,34.9,1138.82,1682.16,505.32,13605,49810609,740.8,,341.2
98,2010년 2월,2,348541.7,339582.2,340962.7,90.156,2,4.8,33.7,34.9,1157.08,1598.96,518.7,13752,49835331,740.8,,322
99,2010년 3월,2,348541.7,339582.2,340962.7,90.338,2,4.1,33.7,34.9,1137.64,1665.5,512.86,17220,49862894,740.8,,308.2
100,2010년 4월,2,355163.3,346946.5,348176.8,90.702,1.9,3.7,31.4,35.9,1117.11,1730.29,497.85,15434,49889125,756.9,,300.4
101,2010년 5월,2,355163.3,346946.5,348176.8,90.793,1.9,3.2,31.4,35.9,1163.11,1648.3,493.3,13129,49913379,756.9,,303.8
102,2010년 6월,2,355163.3,346946.5,348176.8,90.702,1.9,3.5,31.4,35.9,1212.33,1691.94,490.97,14791,49934126,756.9,,304.9
103,2010년 7월,2.25,359266.2,351857.4,353549.2,90.884,1.2,3.7,32.1,35.6,1207.3,1731.12,475.35,14027,49955240,771,,301.6
104,2010년 8월,2.25,359266.2,351857.4,353549.2,91.34,1.2,3.3,32.1,35.6,1179.92,1762.18,482.36,12350,49976963,771,,300.7
105,2010년 9월,2.25,359266.2,351857.4,353549.2,92.068,1.2,3.4,32.1,35.6,1167.01,1815.75,509.94,11654,50001273,771,,306.2
106,2010년 10월,2.25,363646.8,351046.3,348931.8,92.068,1.2,3.3,33.4,34.5,1123.45,1889.7,514.88,15409,50475351,793.8,,315.1
107,2010년 11월,2.5,363646.8,351046.3,348931.8,91.613,1.2,3,33.4,34.5,1126.2,1924.71,505.36,18020,50495462,793.8,,331.1
108,2010년 12월,2.5,363646.8,351046.3,348931.8,91.977,1.2,3.5,33.4,34.5,1147.55,2002.5,528.6,22967,50515666,793.8,,335.6
109,2011년 1월,2.75,367040.1,347744.6,348249.7,93.07,0.9,3.8,33.9,34.3,1120.07,2091.61,517.58,17766,50534731,806.4,,335.8
110,2011년 2월,2.75,367040.1,347744.6,348249.7,93.707,0.9,4.5,33.9,34.3,1118.14,2002.87,510.59,16784,50555262,806.4,,324.9
111,2011년 3월,3,367040.1,347744.6,348249.7,94.072,0.9,4.3,33.9,34.3,1122.45,2002.67,528.44,21236,50575130,806.4,,312.5
112,2011년 4월,3,368841.5,352078.6,354035.9,94.163,0.5,3.7,34.7,34.3,1086.84,2153.13,494.71,16661,50594424,826.9,,308.8
113,2011년 5월,3,368841.5,352078.6,354035.9,94.345,0.5,3.2,34.7,34.3,1083.54,2121.87,469.03,14557,50613213,826.9,,313
114,2011년 6월,3.25,368841.5,352078.6,354035.9,94.527,0.5,3.3,34.7,34.3,1081.27,2074.64,511.55,13172,50627347,826.9,,314.8
115,2011년 7월,3.25,370782.8,353512.7,356925.9,94.982,0.5,3.3,31.3,34.8,1059.5,2150.06,488.16,13818,50641565,839.7,,318.6
116,2011년 8월,3.25,370782.8,353512.7,356925.9,95.62,0.5,3,31.3,34.8,1073.17,1869.41,461.47,14635,50662739,839.7,,318.4
117,2011년 9월,3.25,370782.8,353512.7,356925.9,95.529,0.5,3,31.3,34.8,1118.61,1790.95,471.45,16619,50681829,839.7,,315.5
118,2011년 10월,3.25,372534,352132.7,355061.9,95.347,0.5,2.9,32.9,35.1,1155.45,1825.88,497.85,16305,50699478,861.4,,316.4
119,2011년 11월,3.25,372534,352132.7,355061.9,95.438,0.5,2.9,32.9,35.1,1132.31,1858.8,501.07,15502,50717719,861.4,,316.1
120,2011년 12월,3.25,372534,352132.7,355061.9,95.802,0.5,3,32.9,35.1,1147.45,1863.23,516.72,21562,50734284,861.4,,318
121,2012년 1월,3.25,375799.3,355987.3,359499.5,96.184,0.9,3.5,33.8,34.7,1145.85,1891.01,532.84,7088,50750837,862.9,57.81207518,316.6
122,2012년 2월,3.25,375799.3,355987.3,359499.5,96.549,0.9,4.2,33.8,34.7,1123.35,2003.23,532.37,10506,50767313,862.9,57.94712503,310.6
123,2012년 3월,3.25,375799.3,355987.3,359499.5,96.576,0.9,3.7,33.8,34.7,1125.9,2023.41,495.47,14664,50783029,862.9,58.01341072,305.2
124,2012년 4월,3.25,377917.1,357987.7,362793.9,96.567,0.6,3.5,31.8,35.1,1135.55,1995.92,474.83,13327,50801531,875,58.09474079,303.7
125,2012년 5월,3.25,377917.1,357987.7,362793.9,96.74,0.6,3.1,31.8,35.1,1154.27,1886.35,474.78,12516,50819380,875,58.16841899,308.4
126,2012년 6월,3.25,377917.1,357987.7,362793.9,96.603,0.6,3.2,31.8,35.1,1165.51,1848.6,480.6,10892,50832898,875,58.31370408,300.1
127,2012년 7월,3,379552.7,363294.2,366827.3,96.385,0.4,3.1,29.7,34.1,1143.36,1826.75,485.39,11716,50851082,885.7,58.4519426,294.3
128,2012년 8월,3,379552.7,363294.2,366827.3,96.831,0.4,3,29.7,34.1,1131.69,1918.91,518.73,10358,50871606,885.7,58.70585569,292.6
129,2012년 9월,3,379552.7,363294.2,366827.3,97.523,0.4,2.9,29.7,34.1,1124.78,1961.29,523.96,9774,50891223,885.7,59.26459618,304.6
130,2012년 10월,2.75,381467.5,363255.6,366536.7,97.341,0.5,2.8,29.1,34.2,1106.93,1942.19,503.9,15373,50912264,905.9,59.85157761,313
131,2012년 11월,2.75,381467.5,363255.6,366536.7,96.995,0.5,2.8,29.1,34.2,1087.52,1904.7,488.59,15456,50930805,905.9,60.28734915,309.9
132,2012년 12월,2.75,381467.5,363255.6,366536.7,97.168,0.5,2.9,29.1,34.2,1076.97,1973.84,508.58,21999,50948272,905.9,60.67194885,310.9
133,2013년 1월,2.75,384831,367763.8,370296.2,97.751,0.9,3.4,30.1,34.6,1065.35,1986.1,515.55,10960,50965180,909,61.16050418,308.4
134,2013년 2월,2.75,384831,367763.8,370296.2,98.078,0.9,3.9,30.1,34.6,1086.68,1979.85,547.08,11648,50991003,909,61.49905565,310.2
135,2013년 3월,2.75,384831,367763.8,370296.2,97.987,0.9,3.5,30.1,34.6,1102.2,1990.24,551.68,13090,51003843,909,61.95566995,315.2
136,2013년 4월,2.75,389358.3,374293.6,376886.6,97.851,1.2,3.2,29,35.1,1121.83,1938.88,571.9,16960,51018468,926.3,62.47496676,321.7
137,2013년 5월,2.5,389358.3,374293.6,376886.6,97.851,1.2,3,29,35.1,1110.67,1974.45,530.76,19604,51034494,926.3,62.60434731,314.8
138,2013년 6월,2.5,389358.3,374293.6,376886.6,97.732,1.2,3.1,29,35.1,1135.21,1884.41,534.23,25411,51047880,926.3,62.76452633,312.2
139,2013년 7월,2.5,392697.2,379137.9,381144.4,97.942,0.9,3.1,29.6,34.7,1127.23,1871.77,540.91,12698,51064841,938.9,63.13268969,309.7
140,2013년 8월,2.5,392697.2,379137.9,381144.4,98.288,0.9,3,29.6,34.7,1116.98,1896.96,527.96,11184,51081507,938.9,63.77568409,324
141,2013년 9월,2.5,392697.2,379137.9,381144.4,98.479,0.9,2.7,29.6,34.7,1087.35,1984.39,530.55,13818,51098531,938.9,64.40968526,332.4
142,2013년 10월,2.5,395787.2,380799.9,383298.4,98.179,0.8,2.7,30.2,34.8,1066.8,2029.68,513.81,22437,51115702,960.6,64.9388947,330.2
143,2013년 11월,2.5,395787.2,380799.9,383298.4,98.16,0.8,2.6,30.2,34.8,1062.82,2009.92,496.17,19468,51127984,960.6,65.40028465,330.7
144,2013년 12월,2.5,395787.2,380799.9,383298.4,98.279,0.8,3,30.2,34.8,1056.67,1988.33,512.44,21364,51141463,960.6,65.78413704,340.4
145,2014년 1월,2.5,399560.7,385013.6,384827.8,98.807,1,3.4,29.6,34.6,1064.75,1948.22,521.33,15865,51156168,965.3,66.37614052,343.9
146,2014년 2월,2.5,399560.7,385013.6,384827.8,99.071,1,4.5,29.6,34.6,1071.3,1937.73,541.28,19584,51171176,965.3,66.88359046,339
147,2014년 3월,2.5,399560.7,385013.6,384827.8,99.253,1,3.9,29.6,34.6,1070.89,1952.43,559.97,21933,51185882,965.3,67.29427606,329.2
148,2014년 4월,2.5,402957.7,387117,389621.2,99.317,0.9,3.8,29.5,35.1,1044.55,1991.19,551,20199,51202130,978.4,67.46127195,326.3
149,2014년 5월,2.5,402957.7,387117,389621.2,99.481,0.9,3.5,29.5,35.1,1024.99,1994.13,532.72,16582,51218424,978.4,67.55237862,328.1
150,2014년 6월,2.5,402957.7,387117,389621.2,99.353,0.9,3.5,29.5,35.1,1019.36,1995.08,554.68,15163,51233579,978.4,67.70785408,333.9
151,2014년 7월,2.5,404195.7,389656.7,391668.7,99.499,0.3,3.4,30.2,34.8,1019.93,2021.95,556.76,18100,51250261,999,67.98187622,340.2
152,2014년 8월,2.25,404195.7,389656.7,391668.7,99.672,0.3,3.3,30.2,34.8,1025.36,2060.93,573.43,18993,51266779,999,68.2011889,345.8
153,2014년 9월,2.25,404195.7,389656.7,391668.7,99.608,0.3,3.1,30.2,34.8,1033.24,2042.71,557.55,21776,51284774,999,68.41682579,345.8
154,2014년 10월,2,406003.3,395026.3,398289,99.308,0.4,3.2,29.5,35.5,1060.28,1942.8,542.29,27743,51302044,1025.1,68.617814,341.3
155,2014년 11월,2,406003.3,395026.3,398289,99.108,0.4,3,29.5,35.5,1095.1,1959.65,539.52,21053,51314683,1025.1,68.88164203,344.8
156,2014년 12월,2,406003.3,395026.3,398289,99.098,0.4,3.3,29.5,35.5,1104.33,1941.93,577.28,20069,51327916,1025.1,69.1639389,351.5
157,2015년 1월,2,409483.1,408312.2,412619.6,99.77,0.9,3.7,29,36.9,1088.86,1920.99,605.85,19358,51342881,1039.3,69.44285538,350.9
158,2015년 2월,2,409483.1,408312.2,412619.6,99.71,0.9,4.5,29,36.9,1098.4,1961,634.72,19990,51360454,1039.3,69.68029406,353.9
159,2015년 3월,1.75,409483.1,408312.2,412619.6,99.72,0.9,4,29,36.9,1112.57,2012.62,685.35,29483,51378174,1039.3,69.94962636,352.9
160,2015년 4월,1.75,411150.7,410199.7,409987.4,99.75,0.4,3.9,29.3,36.1,1088.66,2107.27,697.55,30831,51395238,1072,70.28752737,353.6
161,2015년 5월,1.75,411150.7,410199.7,409987.4,100.03,0.4,3.7,29.3,36.1,1091.27,2114.9,722.83,26395,51413925,1072,70.53993998,355.2
162,2015년 6월,1.5,411150.7,410199.7,409987.4,100.05,0.4,3.8,29.3,36.1,1112.2,2063.69,753.83,26188,51431100,1072,70.78327536,359
163,2015년 7월,1.5,417190.5,418259.9,419416.6,100.23,1.5,3.6,29.9,36.9,1143.22,2058.03,698.16,24921,51448183,1101.4,73.72158714,365
164,2015년 8월,1.5,417190.5,418259.9,419416.6,100.37,1.5,3.4,29.9,36.9,1179.1,1952.55,672.04,23257,51465228,1101.4,73.84212897,358.6
165,2015년 9월,1.5,417190.5,418259.9,419416.6,100.11,1.5,3.2,29.9,36.9,1184.76,1939.58,683.14,24784,51482816,1101.4,74.03684252,370.9
166,2015년 10월,1.5,420196,421248.6,421182.9,100.11,0.7,3.1,29.9,35.8,1148.18,2020.57,680.23,27260,51500986,1138,74.21026097,372.4
167,2015년 11월,1.5,420196,421248.6,421182.9,99.92,0.7,3,29.9,35.8,1151.97,2006.78,665.95,26147,51515399,1138,74.41200297,373.1
168,2015년 12월,1.5,420196,421248.6,421182.9,100.22,0.7,3.2,29.9,35.8,1172.24,1971.53,678.81,22267,51529338,1138,74.62069769,358.3
169,2016년 1월,1.5,421397.6,431674.4,432831.1,100.39,0.3,3.7,28.3,37,1201.67,1894.65,651.05,17872,51541582,1158.4,74.76043886,357.5
170,2016년 2월,1.5,421397.6,431674.4,432831.1,100.82,0.3,4.9,28.3,37,1217.35,1900.61,684.44,16358,51555409,1158.4,74.93530503,362.6
171,2016년 3월,1.5,421397.6,431674.4,432831.1,100.56,0.3,4.2,28.3,37,1188.21,1976.5,697.67,21759,51569536,1158.4,75.13211734,364.8
172,2016년 4월,1.5,426146,431652.4,434289.6,100.75,1.1,3.9,30.1,37.2,1147.51,1996.17,693.61,22587,51584349,1191.6,75.38053706,376.9
173,2016년 5월,1.5,426146,431652.4,434289.6,100.81,1.1,3.6,30.1,37.2,1171.51,1966.68,686.21,23035,51601265,1191.6,75.54303635,382.1
174,2016년 6월,1.25,426146,431652.4,434289.6,100.79,1.1,3.6,30.1,37.2,1170.5,1977.03,699.41,26342,51619330,1191.6,75.70927083,394.3
175,2016년 7월,1.25,428036,432333.9,433958,100.6,0.4,3.5,30.9,36.2,1144.09,2002.48,691.91,29407,51634618,1228.6,75.80509247,394.3
176,2016년 8월,1.25,428036,432333.9,433958,100.86,0.4,3.6,30.9,36.2,1111.68,2036.66,676.35,31343,51649552,1228.6,75.95009961,396.3
177,2016년 9월,1.25,428036,432333.9,433958,101.46,0.4,3.5,30.9,36.2,1107.49,2042.56,660.04,28250,51664244,1228.6,75.97136706,405.1
178,2016년 10월,1.25,431300.7,434789.3,435548.6,101.6,0.8,3.3,31.2,36.9,1125.28,2036.03,611.59,34022,51677054,1269.8,76.08177683,407
179,2016년 11월,1.25,431300.7,434789.3,435548.6,101.45,0.8,3.1,31.2,36.9,1161.64,1981.75,607.2,29694,51687682,1269.8,76.11403198,393
180,2016년 12월,1.25,431300.7,434789.3,435548.6,101.56,0.8,3.2,31.2,36.9,1182.28,2021.67,628.87,28401,51696216,1269.8,76.15898523,386.2
181,2017년 1월,1.25,434823.2,442965.6,444167.7,102.64,0.8,3.7,31.7,37.3,1185.1,2061.73,614.57,19462,51704332,1286.1,76.17274307,392.1
182,2017년 2월,1.25,434823.2,442965.6,444167.7,102.92,0.8,4.9,31.7,37.3,1144.92,2082.8,609.84,18197,51712221,1286.1,76.20872764,392.9
183,2017년 3월,1.25,434823.2,442965.6,444167.7,102.85,0.8,4.1,31.7,37.3,1134.77,2136.17,628.86,25510,51714935,1286.1,76.25259457,393.7
184,2017년 4월,1.25,437831.1,443499,443983.6,102.72,0.7,4.2,32.7,36.6,1132.73,2160.18,642.66,24267,51722903,1313,76.2821339,409.3
185,2017년 5월,1.25,437831.1,443499,443983.6,102.83,0.7,3.6,32.7,36.6,1125.28,2301.89,667.55,27063,51732586,1313,76.31323617,431
186,2017년 6월,1.25,437831.1,443499,443983.6,102.61,0.7,3.8,32.7,36.6,1130.04,2372.2,662.45,34668,51736224,1313,76.26426378,427.7
187,2017년 7월,1.25,444245.2,453018.5,455920.4,102.78,1.5,3.4,32,37.7,1134.4,2412.9,645.6,42165,51744948,1341.3,76.15532893,443
188,2017년 8월,1.25,444245.2,453018.5,455920.4,103.37,1.5,3.6,32,37.7,1130.79,2372.18,657.26,43588,51753820,1341.3,75.97557677,412.9
189,2017년 9월,1.25,444245.2,453018.5,455920.4,103.49,1.5,3.3,32,37.7,1131.59,2371.84,674.47,39768,51762492,1341.3,75.91983221,425.1
190,2017년 10월,1.25,443912.1,447244,449746.7,103.39,-0.1,3.2,32.7,36.7,1131.57,2482.87,751.04,36636,51769092,1370.1,75.85158936,427.7
191,2017년 11월,1.5,443912.1,447244,449746.7,102.62,-0.1,3.1,32.7,36.7,1105.04,2533.51,768.16,37182,51774649,1370.1,75.79562597,434.9
192,2017년 12월,1.5,443912.1,447244,449746.7,102.99,-0.1,3.3,32.7,36.7,1085.78,2467.73,872.45,34898,51778544,1370.1,78.10698666,467.6
193,2018년 1월,1.5,448645.4,455313.6,457111.4,103.42,1.1,3.7,32,35.9,1066.7,2520.94,863.64,38380,51779148,1387.2,77.8303903,490.7
194,2018년 2월,1.5,448645.4,455313.6,457111.4,104.21,1.1,4.6,32,35.9,1079.58,2439.1,867.92,37364,51779892,1387.2,77.33488456,462.1
195,2018년 3월,1.5,448645.4,455313.6,457111.4,104.1,1.1,4.5,32,35.9,1071.89,2451.57,879.89,44376,51784669,1387.2,76.95912105,431.5
196,2018년 4월,1.5,451406.9,452966.9,454315.9,104.29,0.6,4.1,31.9,36,1067.76,2458.22,863.84,32841,51790131,1409.2,76.60417451,412
197,2018년 5월,1.5,451406.9,452966.9,454315.9,104.34,0.6,4,31.9,36,1076.39,2461.3,850.6,31594,51796179,1409.2,76.22197256,413.9
198,2018년 6월,1.5,451406.9,452966.9,454315.9,104.13,0.6,3.7,31.9,36,1092.8,2394.51,793.49,33749,51801449,1409.2,75.89820815,423.7
199,2018년 7월,1.5,454011.9,453956.6,455907.2,103.93,0.6,3.7,30.3,36.3,1122.8,2284.25,786,40810,51806977,1427.2,75.5798966,448
200,2018년 8월,1.5,454011.9,453956.6,455907.2,104.85,0.6,4,30.3,36.3,1121.15,2283.8,824.62,39819,51812153,1427.2,75.27298577,516.8
201,2018년 9월,1.5,454011.9,453956.6,455907.2,105.65,0.6,3.6,30.3,36.3,1120.6,2307.33,724.95,42811,51817851,1427.2,74.78739329,456.1
202,2018년 10월,1.5,457941.1,452777.5,454818.9,105.46,0.9,3.5,31.6,35.5,1130.81,2153.48,687.78,48660,51821881,1446.6,74.42886622,413
203,2018년 11월,1.75,457941.1,452777.5,454818.9,104.71,0.9,3.2,31.6,35.5,1128.58,2083.33,676.49,33136,51824477,1446.6,74.15202948,400.6
204,2018년 12월,1.75,457941.1,452777.5,454818.9,104.35,0.9,3.4,31.6,35.5,1122.9,2070.13,690.46,23726,51826059,1446.6,73.91318507,396.1
205,2019년 1월,1.75,456385.5,453625,455085.5,104.24,-0.3,4.5,30.6,34.7,1122,2101.98,739.71,29746,51826287,1451.7,71.91558422,382.3
206,2019년 2월,1.75,456385.5,453625,455085.5,104.69,-0.3,4.7,30.6,34.7,1122.45,2210.2,742.44,26341,51829538,1451.7,71.82886431,376.7
207,2019년 3월,1.75,456385.5,453625,455085.5,104.49,-0.3,4.3,30.6,34.7,1130.72,2161.91,755.68,30477,51833175,1451.7,71.74155989,378.7
208,2019년 4월,1.75,461013.9,450757,454175.4,104.87,1,4.4,32.3,34.7,1140.95,2212.12,715.13,28720,51836763,1468,71.62856597,395.3
209,2019년 5월,1.75,461013.9,450757,454175.4,105.05,1,4,32.3,34.7,1183.29,2086.9,714.47,26655,51840339,1468,71.59807778,429.3
210,2019년 6월,1.75,461013.9,450757,454175.4,104.88,1,4,32.3,34.7,1175.62,2105.3,667.48,26498,51842636,1468,71.55911449,475.2
211,2019년 7월,1.5,462744.8,450727.7,455991,104.56,0.4,3.9,30.9,35,1175.31,2079.48,595.05,34223,51845612,1481.4,71.49210065,493.9
212,2019년 8월,1.5,462744.8,450727.7,455991,104.81,0.4,3,30.9,35,1208.98,1944.24,632.96,35877,51847538,1481.4,71.48903473,471
213,2019년 9월,1.5,462744.8,450727.7,455991,105.2,0.4,3.1,30.9,35,1197.55,2045.21,644.97,30967,51849253,1481.4,71.53732911,479
214,2019년 10월,1.25,468814.3,453623.9,458884.6,105.46,1.3,3,30.8,34.4,1184.13,2065.75,656.89,42273,51850705,1504.6,71.69474003,507.3
215,2019년 11월,1.25,468814.3,453623.9,458884.6,104.87,1.3,3.1,30.8,34.4,1167.45,2128.79,640.54,40383,51851427,1504.6,71.80376192,524.3
216,2019년 12월,1.25,468814.3,453623.9,458884.6,105.12,1.3,3.4,30.8,34.4,1175.84,2147.01,671.12,39486,51849861,1504.6,71.76184776,501
217,2020년 1월,1.25,462805.5,450827.5,455435.6,105.79,-1.3,4.1,31.2,36,1164.28,2203.44,667.3,38053,51847509,1521.8,70.92709831,477.1
218,2020년 2월,1.25,462805.5,450827.5,455435.6,105.8,-1.3,4.1,31.2,36,1193.79,2167.12,549.44,53407,51844627,1521.8,70.66721544,467.6
219,2020년 3월,0.75,462805.5,450827.5,455435.6,105.54,-1.3,4.2,31.2,36,1220.09,1786.75,615.6,43226,51843195,1521.8,69.79571475,427.7
220,2020년 4월,0.75,448209.3,442242.6,445361.9,104.95,-3.2,4.2,32.7,34.5,1225.23,1849.59,695.3,26861,51842524,1546,69.29411638,416.1
221,2020년 5월,0.5,448209.3,442242.6,445361.9,104.71,-3.2,4.5,32.7,34.5,1228.67,1965.17,743.57,28200,51841371,1546,69.14889859,454
222,2020년 6월,0.5,448209.3,442242.6,445361.9,104.87,-3.2,4.3,32.7,34.5,1210.01,2134.7,781.02,52000,51839408,1546,69.0135163,527
223,2020년 7월,0.5,457783.7,453997.5,455873.4,104.86,2.1,4,30.8,35.7,1198.9,2195.95,835.29,52315,51839852,1585.7,68.69443293,541.7
224,2020년 8월,0.5,457783.7,453997.5,455873.4,105.5,2.1,3.1,30.8,35.7,1186.85,2349.87,865.53,30564,51839953,1585.7,68.77148121,519.4
225,2020년 9월,0.5,457783.7,453997.5,455873.4,106.2,2.1,3.6,30.8,35.7,1178.8,2371.52,832.64,30616,51841786,1585.7,69.05537671,511.9
226,2020년 10월,0.5,463395,457605.1,462259.6,105.61,1.2,3.7,30.8,37.2,1144.68,2357.82,850.78,36782,51838016,1630.2,69.41217518,515.3
227,2020년 11월,0.5,463395,457605.1,462259.6,105.5,1.2,3.4,30.8,37.2,1116.76,2504.18,928.02,33524,51834302,1630.2,69.44468555,569.8
228,2020년 12월,0.5,463395,457605.1,462259.6,105.67,1.2,4.1,30.8,37.2,1095.13,2755.77,,50371,51829023,1630.2,69.47422921,580.6
229,2021년 1월,0.5,472602.2,467453.4,473782.1,106.47,1.7,5.7,31,37.4,1097.49,3089.27,975.31,35564,51825932,1666,69.14526741,565
230,2021년 2월,0.5,472602.2,467453.4,473782.1,107,1.7,4.9,31,37.4,1111.72,3092.41,956.98,32931,51824142,1666,68.4540775,548
231,2021년 3월,0.5,472602.2,467453.4,473782.1,107.16,1.7,4.3,31,37.4,1131.02,3032.47,935.33,30976,51705905,1666,67.82007334,529.7
232,2021년 4월,0.5,,,,107.39,,4,,,1119.4,3165.08,1001.79,31944,51702100,,67.10656514,541.6
233,2021년 5월,0.5,,,,107.46,,4,,,1123.28,3169.2,969.08,30405,51683025,,66.54523633,
234,2021년 6월,,,,,107.39,,,,,1121.3,,,,51672400,,65.60604092,
